{
  "Records": [
    {
      "Commands": [
        "ftp_1", 
        "ftp_2", 
        "ftp_3", 
        "ftp_4", 
        "ftp_5", 
        "ftp_6"
      ], 
      "Service": "ftp", 
      "IsModified": false, 
      "Port": "21", 
      "Host": "192.168.182.128", 
      "IsCustom": false, 
      "Project_id": "436", 
      "id": "16826"
    }, 
    {
      "Commands": [
        "telnet_1"
      ], 
      "Service": "telnet", 
      "IsModified": false, 
      "Port": "53", 
      "Host": "192.168.182.128", 
      "IsCustom": false, 
      "Project_id": "436", 
      "id": "16827"
    }, 
    {
      "Commands": [
        "ftp_1", 
        "ftp_2", 
        "ftp_3", 
        "ftp_4", 
        "ftp_5", 
        "ftp_6"
      ], 
      "Service": "ftp", 
      "IsModified": false, 
      "Port": "80", 
      "Host": "192.168.182.128", 
      "IsCustom": false, 
      "Project_id": "436", 
      "id": "16828"
    }, 
    {
      "Commands": [
        "smtp_1", 
        "smtp_2", 
        "smtp_3", 
        "smtp_4", 
        "smtp_5", 
        "smtp_6", 
        "smtp_7"
      ], 
      "Service": "smtp", 
      "IsModified": false, 
      "Port": "25", 
      "Host": "192.168.182.128", 
      "IsCustom": false, 
      "Project_id": "436", 
      "id": "16829"
    }, 
    {
      "Commands": [
        "telnet_1"
      ], 
      "Service": "telnet", 
      "IsModified": false, 
      "Port": "23", 
      "Host": "192.168.182.128", 
      "IsCustom": false, 
      "Project_id": "436", 
      "id": "16830"
    }, 
    {
      "Commands": [
        "ssh_1", 
        "ssh_2", 
        "ssh_3", 
        "ssh_4", 
        "ssh_5", 
        "ssh_6"
      ], 
      "Service": "ssh", 
      "IsModified": false, 
      "Port": "22", 
      "Host": "192.168.182.128", 
      "IsCustom": false, 
      "Project_id": "436", 
      "id": "16831"
    }
  ]
}