{
  "Records": [
    {
      "Commands": [
        "ftp_1", 
        "ftp_2", 
        "ftp_3", 
        "ftp_4", 
        "ftp_5", 
        "ftp_6"
      ], 
      "Service": "ftp", 
      "IsModified": false, 
      "Port": "21", 
      "Host": "192.168.182.128", 
      "IsCustom": false, 
      "Project_id": "524", 
      "id": "17776"
    }, 
    {
      "Commands": [
        "telnet_1"
      ], 
      "Service": "telnet", 
      "IsModified": false, 
      "Port": "25", 
      "Host": "192.168.182.128", 
      "IsCustom": false, 
      "Project_id": "524", 
      "id": "17777"
    }, 
    {
      "Commands": [
        "ssh_1", 
        "ssh_2", 
        "ssh_3", 
        "ssh_4", 
        "ssh_5", 
        "ssh_6"
      ], 
      "Service": "ssh", 
      "IsModified": false, 
      "Port": "22", 
      "Host": "192.168.182.128", 
      "IsCustom": false, 
      "Project_id": "524", 
      "id": "17778"
    }, 
    {
      "Commands": [
        "telnet_1"
      ], 
      "Service": "telnet", 
      "IsModified": false, 
      "Port": "23", 
      "Host": "192.168.182.128", 
      "IsCustom": false, 
      "Project_id": "524", 
      "id": "17779"
    }, 
    {
      "Commands": [
        "telnet_1"
      ], 
      "Service": "telnet", 
      "IsModified": false, 
      "Port": "80", 
      "Host": "192.168.182.128", 
      "IsCustom": false, 
      "Project_id": "524", 
      "id": "17780"
    }
  ]
}