{
  "Records": [
    {
      "Commands": [
        "ftp_1", 
        "ftp_2", 
        "ftp_3", 
        "ftp_4", 
        "ftp_5", 
        "ftp_6"
      ], 
      "Service": "ftp", 
      "IsModified": false, 
      "Port": "21", 
      "Host": "192.168.182.128", 
      "IsCustom": false, 
      "Project_id": "523", 
      "id": "17771"
    }, 
    {
      "Commands": [
        "smtp_1", 
        "smtp_2", 
        "smtp_3", 
        "smtp_4", 
        "smtp_5", 
        "smtp_6", 
        "smtp_7"
      ], 
      "Service": "smtp", 
      "IsModified": false, 
      "Port": "25", 
      "Host": "192.168.182.128", 
      "IsCustom": false, 
      "Project_id": "523", 
      "id": "17772"
    }, 
    {
      "Commands": [
        "telnet_1"
      ], 
      "Service": "telnet", 
      "IsModified": false, 
      "Port": "22", 
      "Host": "192.168.182.128", 
      "IsCustom": false, 
      "Project_id": "523", 
      "id": "17773"
    }, 
    {
      "Commands": [
        "telnet_1"
      ], 
      "Service": "telnet", 
      "IsModified": false, 
      "Port": "23", 
      "Host": "192.168.182.128", 
      "IsCustom": false, 
      "Project_id": "523", 
      "id": "17774"
    }, 
    {
      "Commands": [
        "telnet_1"
      ], 
      "Service": "telnet", 
      "IsModified": false, 
      "Port": "23", 
      "Host": "10.0.1.39", 
      "IsCustom": false, 
      "Project_id": "523", 
      "id": "17775"
    }
  ]
}