{
  "Records": [
    {
      "Commands": [
        "postgresql_1", 
        "postgresql_2", 
        "postgresql_3"
      ], 
      "Service": "postgresql", 
      "IsModified": false, 
      "Port": "5432", 
      "Host": "127.0.0.1", 
      "IsCustom": false, 
      "Project_id": "428", 
      "id": "16383"
    }, 
    {
      "Commands": [
        "rpcbind_1", 
        "rpcbind_2", 
        "rpcbind_3", 
        "rpcbind_4", 
        "rpcbind_5"
      ], 
      "Service": "rpcbind", 
      "IsModified": false, 
      "Port": "111", 
      "Host": "127.0.0.1", 
      "IsCustom": false, 
      "Project_id": "428", 
      "id": "16384"
    }, 
    {
      "Commands": [
        "ssh_1", 
        "ssh_2", 
        "ssh_3", 
        "ssh_4", 
        "ssh_5", 
        "ssh_6"
      ], 
      "Service": "ssh", 
      "IsModified": false, 
      "Port": "8000", 
      "Host": "127.0.0.1", 
      "IsCustom": false, 
      "Project_id": "428", 
      "id": "16385"
    }, 
    {
      "Commands": [
        "ssh_1", 
        "ssh_2", 
        "ssh_3", 
        "ssh_4", 
        "ssh_5", 
        "ssh_6"
      ], 
      "Service": "ssh", 
      "IsModified": false, 
      "Port": "22", 
      "Host": "127.0.0.1", 
      "IsCustom": false, 
      "Project_id": "428", 
      "id": "16386"
    }, 
    {
      "Commands": [
        "mysql_1", 
        "mysql_2", 
        "mysql_3", 
        "mysql_4", 
        "mysql_5", 
        "mysql_6", 
        "mysql_7", 
        "mysql_8", 
        "mysql_9", 
        "mysql_10"
      ], 
      "Service": "mysql", 
      "IsModified": false, 
      "Port": "3306", 
      "Host": "127.0.0.1", 
      "IsCustom": false, 
      "Project_id": "428", 
      "id": "16387"
    }
  ]
}