{
  "Records": [
    {
      "Commands": [
        "telnet_1", 
        "telnet_sniff_1"
      ], 
      "Service": "telnet", 
      "IsModified": false, 
      "Port": "21", 
      "Host": "127.0.0.1", 
      "IsCustom": false, 
      "Project_id": "695", 
      "id": "20538"
    }, 
    {
      "Commands": [
        "domain_1", 
        "domain_2", 
        "domain_3", 
        "domain_4", 
        "domain_5", 
        "domain_6"
      ], 
      "Service": "domain", 
      "IsModified": false, 
      "Port": "53", 
      "Host": "107.154.150.38", 
      "IsCustom": false, 
      "Project_id": "695", 
      "id": "20539"
    }, 
    {
      "Commands": [
        "domain_1", 
        "domain_2", 
        "domain_3", 
        "domain_4", 
        "domain_5", 
        "domain_6"
      ], 
      "Service": "domain", 
      "IsModified": false, 
      "Port": "53", 
      "Host": "107.154.150.38", 
      "IsCustom": false, 
      "Project_id": "695", 
      "id": "20540"
    }, 
    {
      "Commands": [
        "domain_1", 
        "domain_2", 
        "domain_3", 
        "domain_4", 
        "domain_5", 
        "domain_6"
      ], 
      "Service": "domain", 
      "IsModified": false, 
      "Port": "53", 
      "Host": "107.154.150.38", 
      "IsCustom": false, 
      "Project_id": "695", 
      "id": "20541"
    }, 
    {
      "Commands": [
        "domain_1", 
        "domain_2", 
        "domain_3", 
        "domain_4", 
        "domain_5", 
        "domain_6"
      ], 
      "Service": "domain", 
      "IsModified": false, 
      "Port": "53", 
      "Host": "107.154.150.38", 
      "IsCustom": false, 
      "Project_id": "695", 
      "id": "20542"
    }
  ]
}